1,3,0,2,1,0,0,0,1,0,8,1,6,0,0
2,1,1,5,1,0,3,1,1,0,3,3,5,1,1
3,3,1,3,0,0,0,0,0,1,8,2,9,0,1
4,1,1,5,1,0,3,0,1,0,3,3,5,1,1
5,3,0,5,0,0,1,0,0,1,8,1,15,1,0
6,3,0,5,0,0,1,2,0,1,8,1,15,1,0
7,1,0,6,0,0,3,0,0,1,5,1,6,3,0
8,3,0,0,3,1,2,0,4,0,8,4,0,0,0
9,3,1,3,0,2,1,0,2,0,8,3,9,0,1
10,2,1,1,1,0,2,1,1,0,8,3,2,1,1
11,3,1,0,1,1,2,0,2,0,7,2,0,0,1
12,1,1,6,0,0,2,0,0,1,3,2,6,2,1
13,3,0,2,0,0,1,0,0,1,8,1,6,1,0
14,3,0,5,1,5,2,0,6,0,8,1,15,0,0
15,3,1,1,0,0,0,0,0,1,8,2,3,0,0
16,2,1,6,0,0,2,0,0,1,8,3,12,2,1
17,3,0,0,4,1,2,2,5,0,8,4,0,0,0
18,2,0,5,0,0,1,0,0,1,8,1,10,1,1
19,3,1,4,1,0,2,0,1,0,8,3,12,1,0
20,3,1,5,0,0,0,1,0,1,8,3,15,0,1
21,2,0,5,0,0,2,0,0,1,8,1,10,2,0
22,2,0,5,0,0,1,0,0,1,4,1,10,1,1
23,3,1,1,0,0,1,2,0,1,8,2,3,1,1
24,1,0,4,0,0,3,0,0,1,1,1,4,3,1
25,3,1,0,3,1,2,0,4,0,8,2,0,0,0
26,3,1,5,1,5,2,0,6,0,8,3,15,0,1
27,3,0,2,0,0,0,1,0,1,8,1,6,0,0
28,1,0,2,3,2,5,0,5,0,3,1,2,0,0
29,3,1,4,0,0,0,2,0,1,8,2,12,0,1
30,3,0,4,0,0,0,0,0,1,8,1,12,0,0
31,1,0,5,0,0,2,1,0,1,8,5,5,2,0
32,1,1,5,1,0,4,1,1,0,2,3,5,2,1
33,3,1,2,0,0,0,2,0,1,8,2,6,0,1
34,2,0,6,0,0,1,0,0,1,8,1,12,1,0
35,1,0,4,1,0,3,1,1,0,8,1,4,1,0
36,1,0,6,1,0,3,0,1,0,8,1,6,1,0
37,3,0,3,0,0,0,1,0,1,8,1,9,0,1
38,3,0,2,0,0,1,0,0,1,8,1,6,1,0
39,3,1,1,2,0,2,0,2,0,8,2,3,0,0
40,3,1,1,1,0,1,1,1,0,8,2,3,0,1
41,3,1,5,1,0,1,0,1,0,8,3,15,0,0
42,2,1,3,1,0,2,0,1,0,8,3,6,1,0
43,3,0,5,0,0,0,1,0,1,8,1,15,0,0
44,2,1,0,1,2,3,1,3,0,8,2,0,0,1
45,3,1,2,0,0,0,2,0,1,8,2,6,0,1
46,3,0,1,0,0,1,0,0,1,8,1,3,1,0
47,3,0,5,1,0,2,2,1,0,8,1,15,1,0
48,3,1,4,0,0,0,2,0,1,8,2,12,0,1
49,3,0,3,2,0,2,1,2,0,8,1,9,0,0
50,3,1,1,1,0,2,0,1,0,8,3,3,1,0
51,3,0,0,4,1,3,0,5,0,8,4,0,0,0
52,3,0,2,0,0,0,0,0,1,8,1,6,0,0
53,1,1,6,1,0,3,1,1,0,4,3,6,1,1
54,2,1,4,1,0,2,0,1,0,8,3,8,1,1
55,1,0,6,0,1,3,1,1,0,2,1,6,1,0
56,1,0,5,0,0,3,0,0,1,3,1,5,3,1
57,2,1,2,0,0,1,0,0,1,8,2,4,1,1
58,3,0,4,0,0,0,1,0,1,8,1,12,0,0
59,2,1,0,1,2,2,0,3,0,8,2,0,0,1
60,3,0,0,5,2,3,0,7,0,8,4,0,0,0
61,3,0,2,0,0,0,1,0,1,8,1,6,0,0
62,1,1,5,0,0,3,0,0,1,2,2,5,3,1
63,1,0,6,1,0,3,0,1,0,3,1,6,1,0
64,3,0,0,3,2,2,0,5,0,8,4,0,0,0
65,1,0,1,0,0,2,1,0,1,8,1,1,2,0
66,3,0,3,1,1,2,1,2,0,8,4,9,0,1
67,2,1,4,0,0,1,0,0,1,6,3,8,1,1
68,3,0,2,0,0,1,0,0,1,8,1,6,1,0
69,3,1,1,4,2,0,0,6,0,8,2,3,0,1
70,3,0,3,2,0,1,0,2,0,8,1,9,0,0
71,2,0,4,0,0,1,0,0,1,8,1,8,1,0
72,3,1,1,5,2,3,0,7,0,8,2,3,0,0
73,2,0,2,0,0,3,0,0,1,8,1,4,3,0
74,3,0,3,1,0,1,1,1,0,8,1,9,0,0
75,3,0,4,0,0,3,0,0,1,8,1,12,3,1
76,3,0,3,0,0,0,0,0,1,6,1,9,0,0
77,3,0,1,0,0,0,0,0,1,8,1,3,0,0
78,3,0,3,0,0,1,0,0,1,8,1,9,1,0
79,2,0,0,0,2,2,0,2,0,8,4,0,0,1
80,3,1,4,0,0,1,0,0,1,8,2,12,1,1
81,3,0,2,0,0,1,0,0,1,8,1,6,1,0
82,3,0,4,0,0,1,0,0,1,8,1,12,1,1
83,3,1,1,0,0,0,2,0,1,8,2,3,0,1
84,1,0,4,0,0,3,0,0,1,8,1,4,3,0
85,2,1,1,0,0,1,0,0,1,8,2,2,1,1
86,3,1,4,3,0,2,0,3,0,8,3,12,0,1
87,3,0,1,1,3,3,0,4,0,8,1,3,0,0
88,3,0,3,0,0,1,0,0,1,8,1,9,1,0
89,1,1,3,3,2,5,0,5,0,3,2,3,0,1
90,3,0,3,0,0,1,0,0,1,8,1,9,1,0
91,3,0,4,0,0,1,0,0,1,8,1,12,1,0
92,3,0,2,0,0,0,0,0,1,8,1,6,0,0
93,1,0,6,1,0,3,0,1,0,5,1,6,1,0
94,3,0,3,1,2,2,0,3,0,8,1,9,0,0
95,3,0,6,0,0,0,0,0,1,8,1,18,0,0
96,3,0,3,0,0,1,0,0,1,8,1,9,1,0
97,1,0,6,0,0,3,1,0,1,1,1,6,3,0
98,1,0,3,0,1,3,1,1,0,4,1,3,1,1
99,2,1,5,0,1,2,0,1,0,8,3,10,1,1
100,2,0,5,1,0,2,0,1,0,8,1,10,1,0
101,3,1,4,0,0,0,0,0,1,8,2,12,0,0
102,3,0,6,0,0,0,0,0,1,8,1,18,0,0
103,1,0,2,0,1,3,0,1,0,4,1,2,1,0
104,3,0,4,0,0,1,0,0,1,8,1,12,1,0
105,3,0,5,2,0,0,0,2,0,8,1,15,0,0
106,3,0,4,0,0,0,0,0,1,8,1,12,0,0
107,3,1,2,0,0,0,0,0,1,8,2,6,0,1
108,3,0,1,0,0,0,0,0,1,8,1,3,0,1
109,3,0,5,0,0,0,0,0,1,8,1,15,0,0
110,3,1,2,1,0,2,2,1,0,8,2,6,1,1
111,1,0,6,0,0,3,0,0,1,3,1,6,3,0
112,3,1,1,1,0,1,1,1,0,8,2,3,0,0
113,3,0,2,0,0,1,0,0,1,8,1,6,1,0
114,3,1,2,1,0,1,0,1,0,8,2,6,0,0
115,3,1,1,0,0,1,1,0,1,8,2,3,1,0
116,3,0,2,0,0,0,0,0,1,8,1,6,0,0
117,3,0,6,0,0,0,2,0,1,8,1,18,0,0
118,2,0,4,1,0,2,0,1,0,8,1,8,1,0
119,1,0,3,0,1,4,1,1,0,2,1,3,2,0
120,3,1,0,4,2,2,0,6,0,8,2,0,0,0
121,2,0,2,2,0,3,0,2,0,8,1,4,1,0
122,3,0,5,0,0,1,0,0,1,8,1,15,1,0
123,2,0,4,1,0,2,1,1,0,8,1,8,1,0
124,2,1,4,0,0,1,0,0,1,5,2,8,1,1
125,1,0,6,0,1,3,0,1,0,4,1,6,1,0
126,3,0,1,1,0,1,1,1,0,8,4,3,0,1
127,3,0,6,0,0,0,2,0,1,8,1,18,0,0
128,3,0,3,0,0,0,0,0,1,8,1,9,0,1
129,3,1,5,1,1,2,1,2,0,6,2,15,0,1
130,3,0,6,0,0,0,0,0,1,8,1,18,0,0
131,3,0,4,0,0,0,1,0,1,8,1,12,0,0
132,3,0,2,0,0,0,0,0,1,8,1,6,0,0
133,3,1,6,1,0,1,0,1,0,8,3,18,0,0
134,2,1,4,1,0,2,0,1,0,8,3,8,1,1
135,2,0,3,0,0,1,0,0,1,8,1,6,1,0
136,2,0,3,0,0,2,1,0,1,8,1,6,2,0
137,1,1,2,0,2,2,0,2,0,4,2,2,0,1
138,1,0,5,1,0,3,0,1,0,3,1,5,1,0
139,3,0,1,0,0,1,0,0,1,8,1,3,1,0
140,1,0,3,0,0,3,1,0,1,2,1,3,3,0
141,3,1,5,0,2,2,1,2,0,8,3,15,0,0
142,3,1,2,0,0,0,0,0,1,8,2,6,0,1
143,3,1,3,1,0,2,0,1,0,8,3,9,1,1
144,3,0,2,0,0,0,2,0,1,8,1,6,0,0
145,2,0,1,0,0,1,0,0,1,8,1,2,1,0
146,2,0,2,1,1,3,0,2,0,8,1,4,1,0
147,3,0,3,0,0,0,0,0,1,8,1,9,0,1
148,3,1,0,2,2,3,0,4,0,8,2,0,0,0
149,2,0,5,0,2,2,0,2,0,6,1,10,0,0
150,2,0,6,0,0,1,0,0,1,8,5,12,1,0
151,2,0,6,0,0,1,0,0,1,8,5,12,1,0
152,1,1,2,1,0,3,0,1,0,3,3,2,1,1
153,3,0,6,0,0,1,0,0,1,8,1,18,1,0
154,3,0,5,0,2,1,0,2,0,8,1,15,0,0
155,3,0,3,0,0,0,0,0,1,8,1,9,0,0
156,1,0,6,0,1,3,1,1,0,8,1,6,1,0
157,3,1,1,0,0,0,2,0,1,8,2,3,0,1
158,3,0,4,0,0,1,0,0,1,8,1,12,1,0
159,3,0,3,0,0,1,0,0,1,8,1,9,1,0
160,3,0,4,8,2,3,0,10,0,8,4,12,0,0
161,3,0,6,0,1,2,0,1,0,8,1,18,1,0
162,2,1,5,0,0,2,0,0,1,8,3,10,2,1
163,3,0,3,0,0,0,0,0,1,8,1,9,0,0
164,3,0,1,0,0,1,0,0,1,8,1,3,1,0
165,3,0,0,4,1,3,0,5,0,8,4,0,0,0
166,3,0,0,0,2,2,0,2,0,8,4,0,0,1
167,1,1,5,0,1,3,0,1,0,5,3,5,1,1
168,3,1,6,1,4,2,0,5,0,8,3,18,0,0
169,1,0,1,0,0,2,0,0,1,8,1,1,2,0
170,3,0,4,0,0,3,0,0,1,8,1,12,3,0
171,1,0,6,0,0,3,0,0,1,2,1,6,3,0
172,3,0,0,4,1,2,2,5,0,8,4,0,0,0
173,3,1,0,1,1,1,0,2,0,8,2,0,0,1
174,3,0,2,0,0,0,0,0,1,8,1,6,0,0
175,1,0,6,0,0,2,1,0,1,1,1,6,2,0
176,3,0,1,1,1,0,0,2,0,8,1,3,0,0
177,3,0,5,3,1,2,0,4,0,8,4,15,0,0
178,1,1,6,0,0,2,1,0,1,3,2,6,2,0
179,2,0,4,0,0,1,0,0,1,8,1,8,1,0
180,3,0,5,0,0,0,0,0,1,8,1,15,0,0
181,3,1,3,8,2,3,0,10,0,8,2,9,0,0
182,2,0,5,0,0,2,1,0,1,8,1,10,2,0
183,3,0,0,4,2,2,0,6,0,8,4,0,0,0
184,2,0,0,2,1,3,0,3,0,6,4,0,0,1
185,3,1,0,0,2,2,0,2,0,8,2,0,0,1
186,1,0,3,0,0,3,0,0,1,1,1,3,3,0
187,3,1,3,1,0,2,2,1,0,8,3,9,1,1
188,1,0,6,0,0,2,0,0,1,8,1,6,2,1
189,3,0,5,1,1,2,2,2,0,8,1,15,0,0
190,3,0,5,0,0,0,0,0,1,8,1,15,0,0
191,2,1,4,0,0,1,0,0,1,8,3,8,1,1
192,2,0,2,0,0,1,0,0,1,8,1,4,1,0
193,3,1,2,1,0,0,0,1,0,8,2,6,0,1
194,2,0,0,1,1,2,0,2,0,6,4,0,0,1
195,1,1,6,0,0,2,1,0,1,2,3,6,2,1
196,1,1,6,0,0,4,1,0,1,2,2,6,4,1
197,3,0,4,0,0,0,2,0,1,8,1,12,0,0
198,3,0,6,0,1,1,0,1,0,8,1,18,0,0
199,3,1,3,0,0,0,2,0,1,8,2,9,0,1
200,2,1,3,0,0,1,0,0,1,8,2,6,1,0
201,3,0,4,0,0,1,0,0,1,8,1,12,1,0
202,3,0,3,8,2,3,0,10,0,8,1,9,0,0
203,3,0,5,0,0,0,0,0,1,8,1,15,0,0
204,3,0,6,0,0,0,1,0,1,8,1,18,0,0
205,3,0,1,0,0,1,0,0,1,8,1,3,1,1
206,3,1,0,0,1,1,0,1,0,7,2,0,0,0
207,3,0,4,1,0,2,0,1,0,8,1,12,1,0
208,3,0,3,0,0,2,1,0,1,8,1,9,2,1
209,3,1,1,0,0,0,2,0,1,8,2,3,0,1
210,1,0,5,0,0,2,1,0,1,1,1,5,2,1
211,3,0,3,0,0,0,0,0,1,8,1,9,0,0
212,2,1,5,0,0,2,0,0,1,8,2,10,2,1
213,3,0,2,0,0,0,0,0,1,8,1,6,0,0
214,2,0,4,0,0,1,0,0,1,8,1,8,1,0
215,3,0,5,1,0,0,2,1,0,8,1,15,0,0
216,1,1,4,1,0,4,1,1,0,4,2,4,2,1
217,3,1,3,0,0,0,0,0,1,8,2,9,0,1
218,2,0,6,1,0,2,0,1,0,8,1,12,1,0
219,1,1,4,0,0,3,1,0,1,4,2,4,3,1
220,2,0,4,0,0,1,0,0,1,8,1,8,1,0
221,3,0,1,0,0,1,0,0,1,8,1,3,1,1
222,2,0,3,0,0,1,0,0,1,8,1,6,1,0
223,3,0,6,0,0,1,0,0,1,8,1,18,1,0
224,3,0,6,0,0,0,0,0,1,8,1,18,0,0
225,1,0,5,1,0,3,0,1,0,3,1,5,1,1
226,3,0,2,0,0,1,0,0,1,8,1,6,1,0
227,2,0,2,0,0,1,0,0,1,8,1,4,1,1
228,3,0,2,0,0,0,0,0,1,8,1,6,0,0
229,2,0,1,0,0,1,0,0,1,8,1,2,1,0
230,3,1,3,3,1,2,0,4,0,8,2,9,0,0
231,1,1,5,1,0,3,0,1,0,3,3,5,1,1
232,3,0,4,0,0,0,0,0,1,8,1,12,0,0
233,2,0,6,0,0,1,0,0,1,8,1,12,1,0
234,3,1,0,4,2,2,0,6,0,8,2,0,0,1
235,2,0,3,0,0,1,0,0,1,8,1,6,1,0
236,3,1,3,0,0,0,0,0,1,8,2,9,0,0
237,2,0,6,1,0,2,0,1,0,8,1,12,1,0
238,2,1,0,0,2,2,0,2,0,8,2,0,0,1
239,2,0,2,0,0,1,0,0,1,8,1,4,1,0
240,2,0,4,0,0,1,0,0,1,8,1,8,1,0
241,3,1,5,1,0,1,1,1,0,8,2,15,0,0
242,3,1,4,1,0,2,2,1,0,8,2,12,1,1
243,2,0,4,0,0,1,0,0,1,8,1,8,1,0
244,3,0,2,0,0,0,0,0,1,8,1,6,0,0
245,3,0,4,0,0,0,1,0,1,8,1,12,0,0
246,1,0,6,2,0,3,2,2,0,3,5,6,1,0
247,3,1,3,0,0,0,0,0,1,8,2,9,0,0
248,2,1,3,0,2,1,0,2,0,8,3,6,0,1
249,1,0,5,1,1,3,0,2,0,4,1,5,1,1
250,2,0,6,1,0,2,0,1,0,8,5,12,1,0
251,3,0,6,0,0,0,0,0,1,8,1,18,0,0
252,3,1,4,1,1,1,0,2,0,7,3,12,0,0
253,1,0,6,0,0,2,0,0,1,3,1,6,2,0
254,3,0,4,1,0,2,0,1,0,8,1,12,1,0
255,3,1,6,0,2,2,0,2,0,8,3,18,0,0
256,3,1,4,0,2,2,1,2,0,8,3,12,0,1
257,1,1,3,0,0,3,1,0,1,8,3,3,3,1
258,1,1,4,0,0,3,0,0,1,2,2,4,3,1
259,1,1,5,0,0,5,1,0,1,8,2,5,5,1
260,2,1,6,0,1,2,0,1,0,8,3,12,1,1
261,3,0,4,0,0,0,2,0,1,8,1,12,0,0
262,3,0,0,4,2,2,0,6,0,8,4,0,0,1
263,1,0,6,1,1,3,0,2,0,5,1,6,1,0
264,1,0,5,0,0,0,0,0,1,2,1,5,0,0
265,3,1,5,0,0,0,2,0,1,8,2,15,0,0
266,2,0,5,0,0,1,0,0,1,8,1,10,1,0
267,3,0,1,4,1,3,0,5,0,8,1,3,0,0
268,3,0,3,1,0,0,0,1,0,8,1,9,0,1
269,1,1,6,0,1,4,0,1,0,3,3,6,2,1
270,1,1,5,0,0,4,0,0,1,3,2,5,4,1
271,1,0,5,0,0,2,0,0,1,8,1,5,2,0
272,3,0,3,0,0,0,0,0,1,8,1,9,0,1
273,2,1,6,0,1,2,0,1,0,8,3,12,1,1
274,1,0,5,0,1,2,1,1,0,3,1,5,1,0
275,3,1,5,0,0,0,2,0,1,8,2,15,0,1
276,1,1,6,1,0,3,0,1,0,4,2,6,1,1
277,3,1,6,0,0,0,0,0,1,8,2,18,0,0
278,2,0,5,0,0,0,0,0,1,8,1,10,0,0
279,3,0,0,4,1,2,2,5,0,8,4,0,0,0
280,3,1,5,1,1,2,0,2,0,8,3,15,0,1
281,3,0,6,0,0,0,2,0,1,8,1,18,0,0
282,3,0,4,0,0,0,0,0,1,8,1,12,0,0
283,3,0,1,0,0,1,0,0,1,8,1,3,1,0
284,3,0,2,0,0,1,0,0,1,8,1,6,1,1
285,1,0,5,0,0,2,0,0,1,1,1,5,2,0
286,3,0,4,0,0,1,1,0,1,8,1,12,1,0
287,3,0,4,0,0,1,0,0,1,8,1,12,1,1
288,3,0,2,0,0,0,0,0,1,8,1,6,0,0
289,2,0,6,0,0,1,0,0,1,8,1,12,1,1
290,3,1,2,0,0,0,2,0,1,8,2,6,0,1
291,1,1,3,0,0,3,0,0,1,8,2,3,3,1
292,1,1,2,1,0,3,1,1,0,2,3,2,1,1
293,2,0,5,0,0,1,1,0,1,4,1,10,1,0
294,3,1,3,0,0,1,0,0,1,8,2,9,1,0
295,3,0,3,0,0,0,0,0,1,8,1,9,0,0
296,1,0,1,0,0,2,1,0,1,8,1,1,2,0
297,3,0,3,0,0,0,1,0,1,8,1,9,0,0
298,1,1,0,1,2,4,0,3,0,3,2,0,1,0
299,1,0,1,0,0,2,0,0,1,3,1,1,2,1
300,1,1,6,0,1,4,1,1,0,2,3,6,2,1
301,3,1,5,0,0,0,2,0,1,8,2,15,0,1
302,3,0,2,2,0,2,2,2,0,8,1,6,0,1
303,3,0,2,0,0,0,0,0,1,8,1,6,0,0
304,2,1,5,0,0,1,2,0,1,5,2,10,1,1
305,3,0,6,0,0,1,0,0,1,8,1,18,1,0
306,1,0,0,1,2,4,0,3,0,3,4,0,1,1
307,1,1,4,0,0,4,1,0,1,8,2,4,4,1
308,1,1,1,1,0,4,1,1,0,3,3,1,2,1
309,2,0,4,1,0,2,1,1,0,8,1,8,1,0
310,1,1,4,0,0,3,1,0,1,5,2,4,3,1
311,1,1,3,0,0,3,1,0,1,3,2,3,3,1
312,1,1,1,2,2,5,1,4,0,2,2,1,1,1
313,2,1,3,1,1,2,0,2,0,8,3,6,0,0
314,3,0,4,0,0,0,0,0,1,8,1,12,0,0
315,2,0,6,1,1,2,0,2,0,8,1,12,0,0
316,3,1,3,0,0,0,0,0,1,8,2,9,0,1
317,2,1,3,1,0,2,0,1,0,8,3,6,1,1
318,2,0,6,0,0,1,0,0,1,8,5,12,1,0
319,1,1,4,0,2,4,0,2,0,3,2,4,1,1
320,1,1,5,1,1,4,1,2,0,5,3,5,1,1
321,3,0,2,0,0,0,0,0,1,8,1,6,0,0
322,3,0,3,0,0,0,0,0,1,8,1,9,0,0
323,2,1,4,0,0,1,2,0,1,8,2,8,1,1
324,2,1,2,1,1,2,0,2,0,8,3,4,0,1
325,3,0,5,8,2,3,0,10,0,8,1,15,0,0
326,1,1,5,0,0,4,1,0,1,3,2,5,4,1
327,3,0,6,0,0,0,0,0,1,8,1,18,0,0
328,2,1,5,0,0,1,0,0,1,4,3,10,1,1
329,3,1,4,1,1,2,0,2,0,8,3,12,0,1
330,1,1,1,0,1,3,1,1,0,2,2,1,1,1
331,3,1,6,2,0,2,2,2,0,8,2,18,0,1
332,1,0,6,0,0,2,0,0,1,3,1,6,2,0
333,1,0,5,0,1,4,0,1,0,3,1,5,2,0
334,3,0,1,2,0,2,0,2,0,8,1,3,0,0
335,1,1,5,1,0,4,0,1,0,8,3,5,2,1
336,3,0,4,0,0,0,0,0,1,8,1,12,0,0
337,1,0,4,1,0,3,0,1,0,3,1,4,1,0
338,1,1,6,0,0,4,1,0,1,5,2,6,4,1
339,3,0,6,0,0,1,0,0,1,8,1,18,1,1
340,1,0,6,0,0,3,0,0,1,0,1,6,3,0
341,2,0,0,1,1,2,0,2,0,6,4,0,0,1
342,1,1,3,3,2,5,0,5,0,3,2,3,0,1
343,2,0,4,0,0,1,0,0,1,8,1,8,1,0
344,2,0,3,0,0,1,0,0,1,8,1,6,1,0
345,2,0,5,0,0,1,0,0,1,8,1,10,1,0
346,2,1,3,0,0,1,0,0,1,6,2,6,1,1
347,2,1,5,0,0,1,0,0,1,8,2,10,1,1
348,3,1,4,1,0,2,0,1,0,8,3,12,1,1
349,3,0,0,1,1,2,0,2,0,8,4,0,0,1
350,3,0,6,0,0,1,0,0,1,8,1,18,1,0
351,3,0,3,0,0,1,0,0,1,8,1,9,1,0
352,1,0,1,0,0,3,0,0,1,3,1,1,3,0
353,3,0,1,1,1,0,1,2,0,8,1,3,0,0
354,3,0,3,1,0,2,0,1,0,8,1,9,1,0
355,3,0,2,0,0,0,1,0,1,8,1,6,0,0
356,3,0,4,0,0,1,0,0,1,8,1,12,1,0
357,1,1,2,0,1,3,0,1,0,5,2,2,1,1
358,2,1,5,0,0,1,0,0,1,8,2,10,1,0
359,3,1,3,0,0,0,2,0,1,8,2,9,0,1
360,3,1,6,0,0,0,2,0,1,8,2,18,0,1
361,3,0,5,1,4,2,0,5,0,8,1,15,0,0
362,2,0,4,1,0,2,1,1,0,8,1,8,1,0
363,3,1,6,0,1,1,1,1,0,8,3,18,0,0
364,3,0,5,0,0,0,0,0,1,8,1,15,0,0
365,3,0,2,1,0,2,2,1,0,8,1,6,1,0
366,3,0,4,0,0,0,0,0,1,8,1,12,0,0
367,1,1,6,1,0,3,1,1,0,4,3,6,1,1
368,3,1,4,0,0,0,1,0,1,8,3,12,0,1
369,3,1,5,0,0,0,2,0,1,8,2,15,0,1
370,1,1,3,0,0,3,1,0,1,2,3,3,3,1
371,1,0,3,1,0,3,1,1,0,5,1,3,1,1
372,3,0,1,1,0,0,0,1,0,8,1,3,0,0
373,3,0,2,0,0,1,0,0,1,8,1,6,1,0
374,1,0,2,0,0,4,1,0,1,8,1,2,4,0
375,3,1,0,3,1,2,0,4,0,8,2,0,0,0
376,1,1,3,1,0,3,1,1,0,8,3,3,1,1
377,3,1,2,0,0,0,0,0,1,8,2,6,0,1
378,1,0,3,0,2,4,1,2,0,3,1,3,1,0
379,3,0,2,0,0,0,1,0,1,8,1,6,0,0
380,3,0,2,0,0,0,0,0,1,8,1,6,0,0
381,1,1,6,0,0,4,1,0,1,8,2,6,4,1
382,3,1,0,0,2,2,1,2,0,8,2,0,0,1
383,3,0,4,0,0,0,0,0,1,8,1,12,0,0
384,1,1,5,1,0,3,0,1,0,8,3,5,1,1
385,3,0,1,0,0,0,0,0,1,8,1,3,0,0
386,2,0,1,0,0,3,0,0,1,8,1,2,3,0
387,3,0,0,5,2,3,0,7,0,8,4,0,0,0
388,2,1,5,0,0,1,0,0,1,8,2,10,1,1
389,3,0,1,0,0,0,2,0,1,8,1,3,0,0
390,2,1,1,0,0,1,1,0,1,8,2,2,1,1
391,1,0,5,1,2,4,0,3,0,2,1,5,1,1
392,3,0,2,0,0,0,0,0,1,8,1,6,0,1
393,3,0,4,2,0,0,0,2,0,8,1,12,0,0
394,1,1,3,1,0,4,1,1,0,4,2,3,2,1
395,3,1,3,0,2,2,0,2,0,7,3,9,0,1
396,3,0,2,0,0,0,0,0,1,8,1,6,0,0
397,3,1,4,0,0,0,0,0,1,8,2,12,0,0
398,2,0,6,0,0,2,0,0,1,8,1,12,2,0
399,2,0,3,0,0,1,0,0,1,8,5,6,1,0
400,2,1,4,0,0,1,0,0,1,8,3,8,1,1
401,3,0,5,0,0,0,0,0,1,8,1,15,0,1
402,3,0,3,0,0,1,0,0,1,8,1,9,1,0
403,3,1,2,1,0,1,0,1,0,8,2,6,0,0
404,3,0,4,1,0,2,0,1,0,8,1,12,1,0
405,3,1,2,0,0,1,0,0,1,8,2,6,1,0
406,2,0,5,1,0,2,0,1,0,8,1,10,1,0
407,3,0,6,0,0,0,0,0,1,8,1,18,0,0
408,2,0,0,1,1,2,0,2,0,8,4,0,0,1
409,3,0,2,0,0,0,0,0,1,8,1,6,0,0
410,3,1,1,3,1,2,0,4,0,8,2,3,0,0
411,3,0,6,0,0,0,0,0,1,8,1,18,0,0
412,3,0,5,0,0,0,2,0,1,8,1,15,0,0
413,1,1,4,1,0,3,2,1,0,3,2,4,1,1
414,2,0,5,0,0,0,0,0,1,8,1,10,0,0
415,3,0,6,0,0,0,0,0,1,8,1,18,0,1
416,3,1,4,0,0,1,0,0,1,8,3,12,1,0
417,2,1,5,1,1,3,0,2,0,8,3,10,1,1
418,2,1,1,0,2,1,0,2,0,8,2,2,0,1
419,2,0,4,0,0,1,0,0,1,8,1,8,1,0
420,3,1,0,0,2,2,0,2,0,8,2,0,0,0
421,3,0,3,0,0,0,1,0,1,8,1,9,0,0
422,3,0,2,0,0,0,2,0,1,8,1,6,0,0
423,3,0,4,0,0,0,0,0,1,8,1,12,0,0
424,3,1,4,1,1,1,0,2,0,8,3,12,0,0
425,3,0,1,1,1,2,0,2,0,8,1,3,0,0
426,3,0,2,0,0,0,0,0,1,8,1,6,0,0
427,2,1,4,1,0,2,0,1,0,8,3,8,1,1
428,2,1,2,0,0,2,0,0,1,8,2,4,2,1
429,3,0,4,0,0,0,2,0,1,8,1,12,0,0
430,3,0,4,0,0,1,0,0,1,5,1,12,1,1
431,1,0,4,0,0,2,0,0,1,3,1,4,2,1
432,3,1,4,1,0,2,0,1,0,8,3,12,1,1
433,2,1,6,1,0,2,0,1,0,8,3,12,1,1
434,3,0,1,0,0,0,0,0,1,8,1,3,0,0
435,1,0,6,1,0,3,0,1,0,5,1,6,1,0
436,1,1,1,1,2,4,0,3,0,2,2,1,1,1
437,3,1,2,2,2,3,0,4,0,8,2,6,0,0
438,2,1,3,2,3,2,0,5,0,8,3,6,0,1
439,1,0,6,1,4,5,0,5,0,3,1,6,0,0
440,2,0,4,0,0,1,0,0,1,8,1,8,1,0
441,2,1,6,1,1,2,0,2,0,8,3,12,0,1
442,3,0,2,0,0,1,0,0,1,8,1,6,1,0
443,3,0,3,1,0,0,0,1,0,8,1,9,0,0
444,2,1,4,0,0,1,0,0,1,8,2,8,1,1
445,3,0,2,0,0,1,0,0,1,8,1,6,1,1
446,1,0,0,0,2,3,0,2,0,1,4,0,1,1
447,2,1,1,0,1,2,0,1,0,8,2,2,1,1
448,1,0,5,0,0,2,0,0,1,8,1,5,2,1
449,3,1,0,2,1,2,1,3,0,8,2,0,0,1
450,1,0,6,0,0,2,0,0,1,3,5,6,2,1
451,2,0,5,1,2,2,0,3,0,8,1,10,0,0
452,3,0,4,1,0,2,0,1,0,8,1,12,1,0
453,1,0,4,0,0,2,1,0,1,3,1,4,2,0
454,1,0,6,1,0,3,1,1,0,3,1,6,1,1
455,3,0,1,0,0,1,0,0,1,8,1,3,1,0
456,3,0,4,0,0,0,1,0,1,8,1,12,0,1
457,1,0,6,0,0,2,0,0,1,5,1,6,2,0
458,1,1,1,1,0,3,0,1,0,4,3,1,1,1
459,2,1,6,0,0,1,0,0,1,8,2,12,1,1
460,3,0,5,0,0,0,2,0,1,8,1,15,0,0
461,1,0,6,0,0,2,0,0,1,5,1,6,2,1
462,3,0,5,0,0,1,0,0,1,8,1,15,1,0
463,1,0,6,0,0,3,0,0,1,5,1,6,3,0
464,2,0,6,0,0,1,0,0,1,8,1,12,1,0
465,3,0,2,0,0,1,0,0,1,8,1,6,1,0
466,3,0,5,0,0,0,0,0,1,8,1,15,0,0
467,2,0,5,0,0,0,0,0,1,8,1,10,0,0
468,1,0,6,0,0,2,0,0,1,8,1,6,2,0
469,3,0,1,0,0,0,2,0,1,8,1,3,0,0
470,3,1,0,2,1,2,1,3,0,8,2,0,0,1
471,3,0,2,0,0,0,0,0,1,8,1,6,0,0
472,3,0,5,0,0,1,0,0,1,8,1,15,1,0
473,2,1,4,1,2,2,0,3,0,8,3,8,0,1
474,2,1,3,0,0,1,1,0,1,4,3,6,1,1
475,3,1,2,0,0,1,0,0,1,8,2,6,1,0
476,1,0,3,0,0,3,0,0,1,1,1,3,3,0
477,2,0,5,1,0,2,0,1,0,8,1,10,1,0
478,3,0,4,1,0,0,0,1,0,8,1,12,0,0
479,3,0,2,0,0,0,0,0,1,8,1,6,0,0
480,3,1,0,0,1,1,0,1,0,8,2,0,0,1
481,3,0,0,5,2,3,0,7,0,8,4,0,0,0
482,2,0,5,0,0,0,0,0,1,8,1,10,0,0
483,3,0,6,0,0,1,0,0,1,8,1,18,1,0
484,3,1,6,0,0,1,0,0,1,8,3,18,1,1
485,1,0,3,1,0,3,1,1,0,2,1,3,1,1
486,3,1,6,3,1,2,0,4,0,8,2,18,0,0
487,1,1,5,1,0,3,0,1,0,3,3,5,1,1
488,1,0,6,0,0,2,1,0,1,2,1,6,2,0
489,3,0,4,0,0,1,0,0,1,8,1,12,1,0
490,3,0,0,1,1,2,0,2,0,8,4,0,0,1
491,3,0,4,1,0,2,0,1,0,8,1,12,1,0
492,3,0,2,0,0,0,0,0,1,8,1,6,0,0
493,1,0,6,0,0,2,0,0,1,3,1,6,2,0
494,1,0,6,0,0,3,1,0,1,8,1,6,3,0
495,3,0,2,0,0,1,0,0,1,8,1,6,1,0
496,3,0,5,0,0,1,1,0,1,8,1,15,1,0
497,1,1,6,1,0,3,1,1,0,4,2,6,1,1
498,3,0,5,0,0,2,0,0,1,8,1,15,2,0
499,1,1,3,1,2,4,0,3,0,3,3,3,1,0
500,3,0,3,0,0,0,0,0,1,8,1,9,0,0
501,3,0,1,0,0,1,0,0,1,8,1,3,1,0
502,3,1,2,0,0,0,2,0,1,8,2,6,0,0
503,3,1,5,0,0,0,2,0,1,8,2,15,0,0
504,3,1,5,0,0,1,0,0,1,8,2,15,1,0
505,1,1,1,0,0,3,0,0,1,2,2,1,3,1
506,1,0,1,1,0,4,1,1,0,3,1,1,2,0
507,2,1,4,0,2,2,0,2,0,8,3,8,0,1
508,1,0,5,0,0,2,0,0,1,8,1,5,2,1
509,3,0,4,0,0,2,0,0,1,8,1,12,2,0
510,3,0,3,0,0,3,0,0,1,8,1,9,3,1
511,3,0,4,0,0,0,2,0,1,8,1,12,0,1
512,3,0,4,0,0,1,0,0,1,8,1,12,1,0
513,1,0,5,0,0,2,0,0,1,5,1,5,2,1
514,1,1,6,1,0,3,1,1,0,8,3,6,1,1
515,3,0,3,0,0,0,0,0,1,8,1,9,0,0
516,1,0,6,0,0,3,0,0,1,4,1,6,3,0
517,2,1,5,0,0,1,0,0,1,6,3,10,1,1
518,3,0,2,0,0,2,2,0,1,8,1,6,2,0
519,2,1,5,1,0,2,0,1,0,8,3,10,1,1
520,3,0,4,0,0,0,0,0,1,8,1,12,0,0
521,1,1,4,0,0,3,0,0,1,2,2,4,3,1
522,3,0,2,0,0,0,0,0,1,8,1,6,0,0
523,3,0,5,0,0,0,1,0,1,8,1,15,0,0
524,1,1,6,0,1,3,1,1,0,2,3,6,1,1
525,3,0,3,0,0,0,1,0,1,8,1,9,0,0
526,3,0,5,0,0,0,2,0,1,8,1,15,0,0
527,2,1,6,0,0,1,0,0,1,8,2,12,1,1
528,1,0,6,0,0,4,0,0,1,3,1,6,4,0
529,3,0,5,0,0,0,0,0,1,8,1,15,0,0
530,2,0,3,2,1,1,0,3,0,8,1,6,0,0
531,2,1,0,1,1,2,0,2,0,8,2,0,0,1
532,3,0,4,0,0,0,1,0,1,8,1,12,0,0
533,3,0,1,1,1,0,1,2,0,8,1,3,0,0
534,3,1,5,0,2,2,1,2,0,8,3,15,0,1
535,3,1,4,0,0,1,0,0,1,8,2,12,1,0
536,2,1,0,0,2,2,0,2,0,8,2,0,0,1
537,1,0,6,0,0,2,0,0,1,2,5,6,2,0
538,1,1,4,0,0,4,1,0,1,8,2,4,4,1
539,3,0,4,0,0,1,0,0,1,8,1,12,1,0
540,1,1,2,0,2,3,1,2,0,2,2,2,1,1
541,1,1,5,0,2,3,0,2,0,2,2,5,1,1
542,3,1,0,4,2,2,0,6,0,8,2,0,0,0
543,3,1,0,4,2,2,0,6,0,8,2,0,0,0
544,2,0,4,1,0,2,0,1,0,8,1,8,1,1
545,1,0,6,1,0,4,1,1,0,3,1,6,2,0
546,1,0,6,0,0,2,0,0,1,8,1,6,2,0
547,2,1,2,1,0,2,0,1,0,8,3,4,1,1
548,2,0,4,0,0,1,1,0,1,8,1,8,1,1
549,3,0,4,1,1,2,0,2,0,8,1,12,0,0
550,2,0,0,1,1,3,0,2,0,8,4,0,1,1
551,1,0,1,0,2,4,1,2,0,3,1,1,1,1
552,2,0,3,0,0,2,0,0,1,8,1,6,2,0
553,3,0,4,0,0,0,2,0,1,8,1,12,0,0
554,3,0,2,0,0,0,1,0,1,8,1,6,0,1
555,3,1,2,0,0,0,0,0,1,8,2,6,0,1
556,1,0,6,0,0,2,0,0,1,8,1,6,2,0
557,1,1,6,1,0,3,1,1,0,1,5,6,1,1
558,1,0,6,0,0,4,1,0,1,8,1,6,4,0
559,1,1,5,1,1,3,0,2,0,5,3,5,1,1
560,3,1,5,1,0,2,0,1,0,8,3,15,1,1
561,3,0,4,0,0,0,2,0,1,8,1,12,0,0
562,3,0,5,0,0,0,0,0,1,8,1,15,0,0
563,2,0,4,0,0,1,0,0,1,8,1,8,1,0
564,3,0,2,0,0,1,0,0,1,8,1,6,1,0
565,3,1,1,0,0,1,0,0,1,8,2,3,1,0
566,3,0,3,2,0,2,0,2,0,8,1,9,0,0
567,3,0,2,0,0,0,0,0,1,8,1,6,0,0
568,3,1,4,0,4,2,0,4,0,8,3,12,0,0
569,3,0,1,0,0,0,1,0,1,8,1,3,0,0
570,3,0,4,0,0,0,0,0,1,8,1,12,0,1
571,2,0,6,0,0,1,0,0,1,8,1,12,1,1
572,1,1,6,2,0,3,0,2,0,3,3,6,1,1
573,1,0,5,0,0,2,0,0,1,5,1,5,2,1
574,3,1,5,0,0,0,2,0,1,8,2,15,0,1
575,3,0,1,0,0,1,0,0,1,8,1,3,1,0
576,3,0,2,0,0,1,0,0,1,8,1,6,1,0
577,2,1,5,0,0,1,0,0,1,8,2,10,1,1
578,1,1,5,1,0,3,0,1,0,5,3,5,1,1
579,3,1,6,1,0,1,1,1,0,8,3,18,0,0
580,3,0,4,0,0,0,0,0,1,8,1,12,0,1
581,2,1,3,1,1,2,0,2,0,8,2,6,0,1
582,1,1,5,1,1,4,1,2,0,3,3,5,1,1
583,2,0,6,0,0,2,0,0,1,8,1,12,2,0
584,1,0,5,0,0,3,1,0,1,1,1,5,3,0
585,3,0,3,0,0,1,1,0,1,8,1,9,1,0
586,1,1,1,0,2,3,0,2,0,5,2,1,1,1
587,2,0,6,0,0,2,0,0,1,8,1,12,2,0
588,1,0,6,1,1,3,1,2,0,2,1,6,1,1
589,3,0,2,0,0,1,0,0,1,8,1,6,1,0
590,3,0,2,0,0,1,0,0,1,8,1,6,1,0
591,3,0,5,0,0,0,0,0,1,8,1,15,0,0
592,1,1,6,1,0,3,1,1,0,4,3,6,1,1
593,3,0,6,0,0,0,0,0,1,8,1,18,0,0
594,3,1,2,0,2,0,2,2,0,8,2,6,0,0
595,2,0,5,1,0,2,0,1,0,8,1,10,1,0
596,3,0,5,1,1,2,0,2,0,8,1,15,0,0
597,2,1,1,0,0,3,0,0,1,8,2,2,3,1
598,3,0,6,0,0,0,0,0,1,8,1,18,0,0
599,3,0,4,0,0,0,1,0,1,8,1,12,0,0
600,1,0,6,1,0,3,1,1,0,1,5,6,1,1
601,2,1,3,2,1,2,0,3,0,8,3,6,0,1
602,3,0,5,0,0,0,0,0,1,8,1,15,0,0
603,1,0,5,0,0,3,0,0,1,8,1,5,3,0
604,3,0,6,0,0,1,0,0,1,8,1,18,1,0
605,1,0,5,0,0,2,1,0,1,8,1,5,2,1
606,3,0,5,1,0,2,0,1,0,8,1,15,1,0
607,3,0,4,0,0,0,0,0,1,8,1,12,0,0
608,1,0,3,0,0,2,0,0,1,8,1,3,2,1
609,2,1,2,1,2,3,1,3,0,8,3,4,0,1
610,1,1,5,0,0,4,0,0,1,3,2,5,4,1
611,3,1,5,1,5,2,0,6,0,8,3,15,0,0
612,3,0,5,0,0,0,0,0,1,8,1,15,0,0
613,3,1,4,1,0,2,2,1,0,8,2,12,1,1
614,3,0,3,0,0,0,2,0,1,8,1,9,0,0
615,3,0,5,0,0,1,0,0,1,8,1,15,1,0
616,2,1,3,1,2,3,0,3,0,8,2,6,0,1
617,3,0,5,1,1,1,0,2,0,8,1,15,0,0
618,3,1,3,1,0,2,0,1,0,8,3,9,1,0
619,2,1,0,2,1,3,0,3,0,6,2,0,0,1
620,2,0,3,0,0,1,0,0,1,8,1,6,1,0
621,3,0,3,1,0,1,1,1,0,8,1,9,0,0
622,1,0,6,1,0,3,0,1,0,4,1,6,1,1
623,3,0,2,1,1,2,1,2,0,8,1,6,0,1
624,3,0,2,0,0,0,0,0,1,8,1,6,0,0
625,3,0,2,0,0,2,0,0,1,8,1,6,2,0
626,1,0,6,0,0,3,0,0,1,4,1,6,3,0
627,2,0,6,0,0,1,2,0,1,8,5,12,1,0
628,1,1,2,0,0,3,0,0,1,4,2,2,3,1
629,3,0,3,0,0,0,0,0,1,8,1,9,0,0
630,3,0,4,0,0,0,2,0,1,8,1,12,0,0
631,1,0,6,0,0,2,0,0,1,1,1,6,2,1
632,3,0,6,0,0,0,0,0,1,8,1,18,0,0
633,1,0,4,0,0,2,1,0,1,2,5,4,2,1
634,1,0,5,0,0,0,0,0,1,8,1,5,0,0
635,3,1,0,3,2,2,0,5,0,8,2,0,0,0
636,2,1,4,0,0,1,0,0,1,8,2,8,1,1
637,3,0,4,0,0,0,0,0,1,8,1,12,0,0
638,2,0,4,1,1,2,0,2,0,8,1,8,0,0
639,3,1,6,0,5,3,0,5,0,8,3,18,0,0
640,3,0,3,1,0,2,0,1,0,8,1,9,1,0
641,3,0,2,0,0,0,0,0,1,8,1,6,0,0
642,1,1,3,0,0,3,1,0,1,2,2,3,3,1
643,3,1,0,3,2,2,0,5,0,8,2,0,0,0
644,3,0,4,0,0,3,0,0,1,8,1,12,3,1
645,3,1,0,2,1,2,1,3,0,8,2,0,0,1
646,1,0,6,1,0,3,1,1,0,4,1,6,1,1
647,3,0,2,0,0,0,0,0,1,8,1,6,0,0
648,1,0,6,0,0,3,1,0,1,1,5,6,3,1
649,3,0,2,0,0,0,0,0,1,8,1,6,0,0
650,3,1,3,0,0,0,0,0,1,8,2,9,0,1
651,3,0,3,0,0,0,0,0,1,8,1,9,0,0
652,2,1,1,0,1,2,0,1,0,8,2,2,1,1
653,3,0,2,0,0,1,0,0,1,8,1,6,1,0
654,3,1,3,0,0,0,2,0,1,8,2,9,0,1
655,3,1,1,0,0,0,2,0,1,8,2,3,0,0
656,2,0,3,2,0,3,0,2,0,8,1,6,1,0
657,3,0,4,0,0,0,0,0,1,8,1,12,0,0
658,3,1,4,1,1,2,2,2,0,8,3,12,0,0
659,2,0,3,0,0,1,0,0,1,8,1,6,1,0
660,1,0,6,0,2,4,1,2,0,4,1,6,1,0
661,1,0,6,2,0,4,0,2,0,8,5,6,1,1
662,3,0,5,0,0,0,1,0,1,8,1,15,0,0
663,1,0,6,0,0,2,0,0,1,5,1,6,2,0
664,3,0,5,0,0,0,0,0,1,8,1,15,0,0
665,3,0,2,1,0,0,0,1,0,8,1,6,0,1
666,2,0,4,2,0,3,0,2,0,8,1,8,1,0
667,2,0,3,0,0,1,0,0,1,8,1,6,1,0
668,3,0,6,0,0,0,0,0,1,8,1,18,0,0
669,3,0,6,0,0,1,0,0,1,8,1,18,1,0
670,1,1,4,1,0,3,0,1,0,3,3,4,1,1
671,2,1,5,1,1,3,0,2,0,8,3,10,1,1
672,1,0,4,1,0,3,0,1,0,2,1,4,1,0
673,2,0,6,0,0,1,0,0,1,8,1,12,1,0
674,2,0,4,0,0,1,0,0,1,8,1,8,1,1
675,2,0,4,0,0,0,0,0,1,8,1,8,0,0
676,3,0,1,0,0,0,0,0,1,8,1,3,0,0
677,3,0,3,0,0,1,0,0,1,8,1,9,1,0
678,3,1,1,0,0,1,0,0,1,8,2,3,1,1
679,3,1,6,1,6,3,0,7,0,8,3,18,0,0
680,1,0,5,0,1,5,1,1,0,2,1,5,2,1
681,3,1,4,0,0,1,2,0,1,8,2,12,1,0
682,1,0,3,0,0,3,1,0,1,4,1,3,3,1
683,3,0,2,0,0,1,0,0,1,8,1,6,1,0
684,3,0,1,5,2,3,0,7,0,8,1,3,0,0
685,2,0,6,1,1,3,0,2,0,8,1,12,1,0
686,2,0,3,1,2,3,1,3,0,8,1,6,0,0
687,3,0,1,4,1,3,0,5,0,8,1,3,0,0
688,3,0,2,0,0,1,0,0,1,8,1,6,1,0
689,3,0,1,0,0,0,0,0,1,8,1,3,0,0
690,1,1,1,0,1,4,0,1,0,2,2,1,2,1
691,1,0,4,1,0,3,0,1,0,2,1,4,1,1
692,3,1,0,0,1,1,1,1,0,8,2,0,0,1
693,3,0,1,0,0,3,0,0,1,8,1,3,3,1
694,3,0,3,0,0,0,1,0,1,8,1,9,0,0
695,1,0,6,0,0,2,0,0,1,8,5,6,2,0
696,2,0,6,0,0,1,0,0,1,8,1,12,1,0
697,3,0,6,0,0,1,0,0,1,8,1,18,1,0
698,3,1,4,0,0,0,2,0,1,8,2,12,0,1
699,1,0,6,1,1,4,1,2,0,3,1,6,1,0
700,3,0,6,0,0,0,0,0,1,6,1,18,0,0
701,1,1,1,1,0,4,1,1,0,3,3,1,2,1
702,1,0,5,0,0,2,0,0,1,5,1,5,2,1
703,3,1,1,0,1,1,1,1,0,8,2,3,0,0
704,3,0,3,0,0,0,2,0,1,8,1,9,0,0
705,3,0,3,1,0,0,0,1,0,8,1,9,0,0
706,2,0,5,0,0,2,0,0,1,8,1,10,2,0
707,2,1,6,0,0,1,0,0,1,8,3,12,1,1
708,1,0,6,0,0,2,0,0,1,5,1,6,2,1
709,1,1,2,0,0,4,0,0,1,8,2,2,4,1
710,3,0,4,1,1,2,1,2,0,8,4,12,0,1
711,1,1,3,0,0,3,1,0,1,3,2,3,3,1
712,1,0,6,0,0,2,0,0,1,3,1,6,2,0
713,1,0,6,1,0,3,0,1,0,3,1,6,1,1
714,3,0,4,0,0,1,0,0,1,8,1,12,1,0
715,2,0,6,0,0,1,0,0,1,8,1,12,1,0
716,3,0,2,0,0,0,0,0,1,6,1,6,0,0
717,1,1,5,0,0,4,1,0,1,3,2,5,4,1
718,2,1,3,0,0,1,0,0,1,5,2,6,1,1
719,3,0,4,0,0,2,2,0,1,8,1,12,2,0
720,3,0,4,0,0,0,0,0,1,8,1,12,0,0
721,2,1,0,0,1,3,0,1,0,8,2,0,1,1
722,3,0,1,1,0,0,0,1,0,8,1,3,0,0
723,2,0,5,0,0,1,0,0,1,8,1,10,1,0
724,2,0,6,0,0,1,0,0,1,8,1,12,1,0
725,1,0,3,1,0,3,0,1,0,5,1,3,1,1
726,3,0,2,0,0,1,0,0,1,8,1,6,1,0
727,2,1,4,3,0,2,0,3,0,8,3,8,0,1
728,3,1,4,0,0,0,2,0,1,8,2,12,0,1
729,2,0,3,1,0,2,0,1,0,8,1,6,1,0
730,3,1,3,1,0,0,0,1,0,8,2,9,0,0
731,1,1,4,0,0,4,0,0,1,2,2,4,4,1
732,3,0,0,0,0,2,1,0,1,8,1,0,2,0
733,2,0,4,0,0,0,0,0,1,8,1,8,0,0
734,2,0,3,0,0,1,0,0,1,8,1,6,1,0
735,2,0,3,0,0,1,0,0,1,8,1,6,1,0
736,3,0,4,0,0,2,0,0,1,8,1,12,2,0
737,3,1,6,1,3,3,0,4,0,8,3,18,0,0
738,1,0,5,0,0,5,1,0,1,2,1,5,5,1
739,3,0,5,0,0,0,0,0,1,8,1,15,0,0
740,3,0,3,0,0,0,0,0,1,8,1,9,0,0
741,1,0,5,0,0,2,0,0,1,4,1,5,2,1
742,1,0,5,1,0,3,0,1,0,3,1,5,1,0
743,1,1,2,2,2,5,1,4,0,2,2,2,1,1
744,3,0,3,1,0,2,0,1,0,8,1,9,1,0
745,3,0,4,0,0,0,0,0,1,8,1,12,0,1
746,1,0,6,1,1,3,0,2,0,2,5,6,1,0
747,3,0,1,1,1,2,0,2,0,8,1,3,0,0
748,2,1,4,0,0,1,0,0,1,8,2,8,1,1
749,1,0,2,1,0,3,0,1,0,4,1,2,1,0
750,3,0,4,0,0,0,2,0,1,8,1,12,0,0
751,2,1,0,1,1,2,0,2,0,8,2,0,0,1
752,3,0,0,0,1,1,0,1,0,5,4,0,0,1
753,3,0,4,0,0,1,0,0,1,8,1,12,1,0
754,3,0,3,0,0,0,0,0,1,8,1,9,0,0
755,2,1,6,1,2,3,0,3,0,8,3,12,0,1
756,2,0,0,1,1,1,0,2,0,8,4,0,0,1
757,3,0,4,0,0,0,0,0,1,8,1,12,0,0
758,2,0,1,0,0,1,0,0,1,8,1,2,1,0
759,3,0,5,0,0,1,0,0,1,8,1,15,1,0
760,1,1,4,0,0,3,0,0,1,2,5,4,3,1
761,3,0,3,0,0,1,0,0,1,8,1,9,1,0
762,3,0,6,0,0,0,0,0,1,8,1,18,0,0
763,3,0,2,0,0,0,1,0,1,8,1,6,0,1
764,1,1,5,1,2,4,0,3,0,2,3,5,1,1
765,3,0,1,0,0,0,0,0,1,8,1,3,0,0
766,1,1,6,1,0,3,0,1,0,4,3,6,1,1
767,1,0,3,0,0,3,1,0,1,8,5,3,3,0
768,3,1,4,0,0,0,2,0,1,8,2,12,0,0
769,3,0,2,1,0,2,2,1,0,8,1,6,1,0
770,3,0,4,0,0,1,0,0,1,8,1,12,1,0
771,3,0,3,0,0,1,0,0,1,8,1,9,1,0
772,3,0,6,0,0,0,0,0,1,8,1,18,0,0
773,2,1,6,0,0,1,0,0,1,5,3,12,1,0
774,3,0,4,0,0,0,1,0,1,8,1,12,0,0
775,2,1,6,1,3,2,0,4,0,8,3,12,0,1
776,3,0,1,0,0,0,0,0,1,8,1,3,0,0
777,3,0,1,0,0,0,2,0,1,6,1,3,0,0
778,3,1,0,0,0,1,0,0,1,8,2,0,1,1
779,3,0,5,0,0,0,2,0,1,8,1,15,0,0
780,1,1,6,0,1,4,0,1,0,2,3,6,2,1
781,3,1,1,0,0,0,1,0,1,8,2,3,0,1
782,1,1,1,1,0,3,0,1,0,2,3,1,1,1
783,1,0,4,0,0,2,0,0,1,4,1,4,2,0
784,3,0,5,1,2,2,0,3,0,8,1,15,0,0
785,3,0,3,0,0,0,0,0,1,8,1,9,0,0
786,3,0,3,0,0,0,0,0,1,8,1,9,0,0
787,3,1,1,0,0,0,0,0,1,8,2,3,0,1
788,3,0,0,4,1,2,2,5,0,8,4,0,0,0
789,3,0,0,1,2,2,0,3,0,8,4,0,0,1
790,1,0,6,0,0,3,1,0,1,2,1,6,3,0
791,3,0,5,0,0,0,2,0,1,8,1,15,0,0
792,2,0,1,0,0,2,0,0,1,8,1,2,2,0
793,3,1,4,8,2,3,0,10,0,8,2,12,0,0
794,1,0,6,0,0,2,1,0,1,8,1,6,2,0
795,3,0,3,0,0,0,0,0,1,8,1,9,0,0
796,2,0,5,0,0,1,0,0,1,8,1,10,1,0
797,1,1,6,0,0,2,0,0,1,4,5,6,2,1
798,3,1,4,0,0,1,0,0,1,8,3,12,1,1
799,3,0,4,0,0,0,1,0,1,8,1,12,0,0
800,3,1,4,1,1,2,0,2,0,8,3,12,0,0
801,2,0,5,0,0,1,0,0,1,8,1,10,1,0
802,2,1,4,1,1,2,0,2,0,8,3,8,0,1
803,1,0,0,1,2,4,0,3,0,2,4,0,1,1
804,3,0,0,0,1,1,1,1,0,8,4,0,0,1
805,3,0,3,0,0,0,0,0,1,8,1,9,0,1
806,3,0,4,0,0,0,0,0,1,8,1,12,0,0
807,1,0,5,0,0,0,0,0,1,1,1,5,0,0
808,3,1,1,0,0,0,0,0,1,8,2,3,0,0
809,2,0,5,0,0,1,0,0,1,8,1,10,1,0
810,1,1,4,1,0,3,0,1,0,5,3,4,1,1
811,3,0,3,0,0,0,0,0,1,8,1,9,0,0
812,3,0,5,0,0,2,0,0,1,8,1,15,2,0
813,2,0,5,0,0,1,0,0,1,8,1,10,1,0
814,3,1,0,4,2,2,0,6,0,8,2,0,0,0
815,3,0,4,0,0,1,0,0,1,8,1,12,1,0
816,1,0,4,0,0,0,0,0,1,2,1,4,0,0
817,3,1,3,0,0,0,0,0,1,8,2,9,0,0
818,2,0,4,1,1,3,1,2,0,8,1,8,1,0
819,3,0,6,0,0,0,0,0,1,8,1,18,0,0
820,3,0,0,3,2,2,0,5,0,8,4,0,0,0
821,1,1,6,1,1,3,0,2,0,2,3,6,1,1
822,3,0,3,0,0,1,0,0,1,8,1,9,1,1
823,1,0,5,0,0,0,0,0,1,8,5,5,0,0
824,3,1,3,0,1,1,0,1,0,5,3,9,0,1
825,3,0,0,4,1,3,0,5,0,8,4,0,0,0
826,3,0,3,0,0,0,2,0,1,8,1,9,0,0
827,3,0,5,0,0,3,0,0,1,8,1,15,3,0
828,2,0,0,0,2,3,1,2,0,8,4,0,1,1
829,3,0,1,0,0,0,2,0,1,8,1,3,0,1
830,1,1,6,0,0,3,0,0,1,2,3,6,3,1
831,3,1,1,1,0,1,1,1,0,8,3,3,0,1
832,2,0,0,1,1,2,0,2,0,8,4,0,0,1
833,3,0,3,0,0,0,1,0,1,8,1,9,0,0
834,3,0,3,0,0,0,0,0,1,8,1,9,0,0
835,3,0,1,0,0,1,0,0,1,8,1,3,1,0
836,1,1,5,1,1,3,1,2,0,5,2,5,1,1
837,3,0,2,0,0,1,0,0,1,8,1,6,1,0
838,3,0,3,0,0,1,0,0,1,8,1,9,1,0
839,3,0,4,0,0,3,0,0,1,8,1,12,3,1
840,1,0,3,0,0,2,1,0,1,3,1,3,2,1
841,3,0,2,0,0,0,0,0,1,8,1,6,0,0
842,2,0,1,0,0,1,0,0,1,8,1,2,1,0
843,1,1,4,0,0,2,1,0,1,8,2,4,2,1
844,3,0,5,0,0,0,1,0,1,8,1,15,0,0
845,3,0,1,0,0,1,0,0,1,8,1,3,1,0
846,3,0,6,0,0,0,0,0,1,8,1,18,0,0
847,3,0,1,8,2,3,0,10,0,8,1,3,0,0
848,3,0,5,0,0,0,1,0,1,8,1,15,0,0
849,2,0,4,0,1,3,0,1,0,8,5,8,1,0
850,1,1,1,1,0,3,1,1,0,3,3,1,1,1
851,3,0,0,4,2,2,0,6,0,8,4,0,0,0
852,3,0,6,0,0,0,0,0,1,8,1,18,0,0
853,3,1,0,1,1,2,1,2,0,8,2,0,0,0
854,1,1,1,0,1,3,0,1,0,4,2,1,1,1
855,2,1,6,1,0,2,0,1,0,8,3,12,1,0
856,3,1,1,0,1,1,0,1,0,8,3,3,0,1
857,1,1,6,1,1,4,0,2,0,8,3,6,1,1
858,1,0,6,0,0,2,0,0,1,5,1,6,2,1
859,3,1,3,0,3,2,1,3,0,8,3,9,0,1
860,3,0,5,0,0,0,1,0,1,8,1,15,0,0
861,3,0,6,2,0,1,0,2,0,8,1,18,0,0
862,2,0,2,1,0,1,0,1,0,8,1,4,0,0
863,1,1,6,0,0,2,0,0,1,4,3,6,2,1
864,3,1,4,8,2,3,0,10,0,8,2,12,0,0
865,2,0,3,0,0,1,0,0,1,8,1,6,1,0
866,2,1,6,0,0,1,0,0,1,8,3,12,1,1
867,2,1,3,1,0,1,1,1,0,8,2,6,0,1
868,1,0,4,0,0,3,0,0,1,1,1,4,3,0
869,3,0,1,0,0,1,0,0,1,8,1,3,1,0
870,3,0,0,1,1,1,0,2,0,8,4,0,0,1
871,3,0,3,0,0,0,0,0,1,8,1,9,0,0
872,1,1,6,1,1,3,0,2,0,4,3,6,1,1
873,1,0,4,0,0,0,0,0,1,2,1,4,0,0
874,3,0,6,0,0,1,0,0,1,8,1,18,1,0
875,2,1,4,1,0,2,1,1,0,8,3,8,1,1
876,3,1,1,0,0,0,1,0,1,8,2,3,0,1
877,3,0,2,0,0,1,0,0,1,8,1,6,1,0
878,3,0,2,0,0,0,0,0,1,8,1,6,0,0
879,3,0,2,0,0,0,0,0,1,8,1,6,0,0
880,1,1,6,0,1,3,1,1,0,3,3,6,1,1
881,2,1,3,0,1,2,0,1,0,8,3,6,1,1
882,3,0,4,0,0,0,0,0,1,8,1,12,0,0
883,3,1,2,0,0,1,0,0,1,8,2,6,1,0
884,2,0,4,0,0,1,0,0,1,8,1,8,1,0
885,3,0,3,0,0,0,0,0,1,8,1,9,0,0
886,3,1,5,0,5,2,2,5,0,8,3,15,0,0
887,2,0,3,0,0,1,0,0,1,8,5,6,1,0
888,1,1,2,0,0,2,0,0,1,2,2,2,2,1
889,3,1,3,1,2,2,0,3,0,8,2,9,0,0
890,1,0,3,0,0,2,1,0,1,3,1,3,2,1
891,3,0,4,0,0,0,2,0,1,8,1,12,0,0
892,3,0,2,0,0,0,2,0,1,8,1,6,0,0
893,3,1,5,1,0,0,0,1,0,8,3,15,0,1
894,2,0,3,0,0,1,2,0,1,8,1,6,1,0
895,3,0,5,0,0,1,0,0,1,8,1,15,1,0
896,3,1,5,1,1,1,0,2,0,8,3,15,0,1
897,3,0,5,0,0,1,0,0,1,8,1,15,1,0
898,3,1,6,0,0,0,2,0,1,8,2,18,0,1
899,2,0,0,1,1,2,0,2,0,8,1,0,0,0
900,3,1,3,0,0,0,1,0,1,8,3,9,0,1
901,3,0,1,2,0,2,0,2,0,8,1,3,0,0
902,3,0,0,0,0,0,0,0,1,8,1,0,0,0
903,1,0,6,0,0,2,0,0,1,8,1,6,2,0
904,1,1,2,1,0,3,0,1,0,2,3,2,1,1
905,2,0,5,1,0,2,0,1,0,8,1,10,1,0
906,1,1,1,1,0,3,0,1,0,5,3,1,1,1
907,2,1,6,1,0,2,1,1,0,8,3,12,1,1
908,2,0,0,0,0,1,2,0,1,8,1,0,1,0
909,3,0,5,0,0,0,1,0,1,8,1,15,0,0
910,3,1,4,1,0,0,0,1,0,8,2,12,0,1
911,3,1,5,0,0,0,1,0,1,8,3,15,0,1
912,1,0,5,1,0,3,1,1,0,8,1,5,1,0
913,3,0,5,0,1,0,0,1,0,8,4,15,0,0
914,1,1,1,0,0,2,0,0,1,8,3,1,2,1
915,1,0,4,0,1,3,1,1,0,8,1,4,1,0
916,1,1,0,1,3,5,1,4,0,2,3,0,1,1
917,3,0,5,1,0,1,0,1,0,8,1,15,0,0
918,1,1,2,0,1,3,1,1,0,2,2,2,1,1
919,3,0,2,0,0,0,1,0,1,8,1,6,0,0
920,1,0,4,0,0,2,0,0,1,1,1,4,2,0
921,3,0,4,2,0,2,1,2,0,8,1,12,0,0
922,2,0,5,1,0,2,0,1,0,8,1,10,1,0
923,2,0,5,2,0,2,0,2,0,8,1,10,0,0
924,3,1,2,1,2,2,0,3,0,8,3,6,0,1
925,3,1,6,1,2,2,0,3,0,8,3,18,0,1
926,1,0,4,1,0,3,1,1,0,3,1,4,1,0
927,3,0,6,0,0,0,1,0,1,8,1,18,0,0
928,3,1,3,0,0,1,0,0,1,8,2,9,1,1
929,3,1,2,0,0,1,0,0,1,8,2,6,1,1
930,3,0,1,0,0,1,0,0,1,8,1,3,1,0
931,3,0,1,0,0,3,0,0,1,8,1,3,3,0
932,3,0,5,0,1,1,1,1,0,8,1,15,0,0
933,1,0,3,0,0,2,0,0,1,4,1,3,2,0
934,3,0,5,0,0,0,0,0,1,8,1,15,0,0
935,2,1,0,0,0,1,0,0,1,8,3,0,1,1
936,1,1,2,1,0,3,0,1,0,4,3,2,1,1
937,3,0,1,0,0,0,0,0,1,8,1,3,0,0
938,1,0,5,0,0,2,1,0,1,1,1,5,2,0
939,3,0,4,0,0,0,2,0,1,8,1,12,0,0
940,1,1,3,0,0,3,1,0,1,4,3,3,3,1
941,3,1,1,0,2,2,0,2,0,8,3,3,0,1
942,1,0,0,1,0,3,0,1,0,3,1,0,1,0
943,2,0,2,0,0,2,1,0,1,8,1,4,2,0
944,2,1,6,2,1,2,0,3,0,8,2,12,0,1
945,1,1,4,3,2,5,0,5,0,3,2,4,0,1
946,2,0,6,0,0,2,1,0,1,8,1,12,2,0
947,3,0,5,4,1,2,2,5,0,8,4,15,0,0
948,3,0,2,0,0,0,0,0,1,8,1,6,0,0
949,3,0,4,0,0,0,0,0,1,6,1,12,0,0
950,3,0,0,1,0,2,0,1,0,8,1,0,1,0
951,1,1,0,0,0,5,1,0,1,2,2,0,5,1
952,3,0,2,0,0,0,0,0,1,8,1,6,0,0
953,2,0,5,0,0,1,0,0,1,8,1,10,1,0
954,3,0,6,0,0,0,0,0,1,8,1,18,0,0
955,3,1,0,0,0,0,2,0,1,8,2,0,0,1
956,1,0,1,2,2,5,1,4,0,2,4,1,1,0
957,2,1,3,0,0,2,0,0,1,8,3,6,2,1
958,3,1,4,0,0,0,2,0,1,8,2,12,0,1
959,1,0,2,0,0,3,0,0,1,8,1,2,3,0
960,1,0,1,0,0,2,1,0,1,3,1,1,2,0
961,1,1,3,1,4,5,0,5,0,3,3,3,0,1
962,3,1,4,0,0,0,2,0,1,8,2,12,0,1
963,3,0,1,0,0,0,0,0,1,8,1,3,0,0
964,3,1,2,0,0,0,0,0,1,8,2,6,0,1
965,1,0,3,0,0,2,1,0,1,4,1,3,2,0
966,1,1,4,0,0,4,1,0,1,3,2,4,4,1
967,1,0,3,0,0,4,1,0,1,3,1,3,4,0
968,3,0,1,0,0,1,0,0,1,8,1,3,1,0
969,1,1,3,2,0,2,0,2,0,3,3,3,0,1
970,2,0,0,0,0,1,0,0,1,8,1,0,1,0
971,3,1,4,0,0,0,2,0,1,8,2,12,0,1
972,3,0,2,1,1,2,1,2,0,8,4,6,0,0
973,1,0,4,1,0,4,0,1,0,3,1,4,2,0
974,1,0,1,0,0,2,0,0,1,8,1,1,2,0
975,3,0,4,0,0,0,0,0,1,8,1,12,0,0
976,2,0,1,0,0,1,2,0,1,8,1,2,1,0
977,3,0,4,1,0,1,1,1,0,8,1,12,0,0
978,3,1,1,0,0,0,2,0,1,8,2,3,0,1
979,3,1,3,0,0,1,0,0,1,8,2,9,1,1
980,3,1,3,0,0,0,2,0,1,8,2,9,0,1
981,2,0,3,1,1,2,0,2,0,8,4,6,0,0
982,3,1,4,1,0,1,0,1,0,8,3,12,0,1
983,3,0,2,0,0,0,0,0,1,8,1,6,0,0
984,1,1,6,1,2,3,0,3,0,2,3,6,0,1
985,3,0,3,0,0,1,0,0,1,8,1,9,1,0
986,1,0,6,0,0,2,1,0,1,8,1,6,2,0
987,3,0,3,0,0,0,0,0,1,8,1,9,0,0
988,1,1,6,1,0,3,0,1,0,3,3,6,1,1
989,3,0,3,0,0,0,0,0,1,8,1,9,0,0
990,3,1,5,0,0,0,0,0,1,8,2,15,0,1
991,3,0,5,0,0,1,0,0,1,8,1,15,1,0
992,1,1,4,1,0,3,1,1,0,3,3,4,1,1
993,2,0,6,1,0,2,0,1,0,8,1,12,1,0
994,3,0,2,0,0,0,2,0,1,8,1,6,0,0
995,3,0,4,0,0,0,0,0,1,8,1,12,0,0
996,3,1,5,1,1,1,1,2,0,8,3,15,0,1
997,3,0,4,0,0,2,0,0,1,8,1,12,2,0
998,3,0,2,0,0,0,2,0,1,8,1,6,0,0
999,3,0,1,0,0,0,2,0,1,8,1,3,0,0
1000,3,0,5,0,0,1,0,0,1,8,1,15,1,0
1001,2,0,2,0,0,1,0,0,1,6,1,4,1,0
1002,2,0,6,0,0,2,1,0,1,8,1,12,2,0
1003,3,1,1,0,0,0,2,0,1,8,2,3,0,1
1004,1,1,2,0,0,2,1,0,1,1,2,2,2,1
1005,3,1,2,0,0,0,2,0,1,8,2,6,0,1
1006,1,1,1,1,0,4,0,1,0,3,3,1,2,1
1007,3,0,2,1,0,1,1,1,0,8,1,6,0,0
1008,3,0,6,0,0,0,1,0,1,8,1,18,0,0
1009,3,1,4,1,1,2,0,2,0,7,2,12,0,1
1010,1,0,3,0,0,3,1,0,1,3,1,3,3,0
1011,2,1,0,1,0,2,0,1,0,8,3,0,1,1
1012,2,1,2,0,0,2,0,0,1,8,2,4,2,1
1013,3,0,5,1,0,0,2,1,0,8,1,15,0,0
1014,1,1,4,1,0,3,1,1,0,3,3,4,1,1
1015,3,0,4,0,0,0,0,0,1,8,1,12,0,0
1016,3,0,6,0,0,0,2,0,1,8,1,18,0,0
1017,3,1,1,0,1,2,0,1,0,8,2,3,1,1
1018,3,0,6,0,0,0,0,0,1,8,1,18,0,0
1019,3,1,3,2,0,2,2,2,0,8,2,9,0,1
1020,2,0,5,0,0,1,0,0,1,8,1,10,1,0
1021,3,0,6,0,0,1,0,0,1,8,1,18,1,0
1022,3,0,4,0,0,1,0,0,1,8,1,12,1,0
1023,1,0,2,0,0,2,1,0,1,3,5,2,2,0
1024,3,1,6,0,4,2,0,4,0,8,3,18,0,1
1025,3,0,4,1,0,0,1,1,0,8,1,12,0,0
1026,3,0,3,0,0,0,0,0,1,8,1,9,0,0
1027,3,0,3,0,0,0,0,0,1,8,1,9,0,0
1028,3,0,2,0,0,0,1,0,1,8,1,6,0,0
1029,2,0,5,0,0,1,0,0,1,8,1,10,1,0
1030,3,1,1,0,0,1,0,0,1,8,2,3,1,1
1031,3,0,3,1,6,3,0,7,0,8,1,9,0,0
1032,3,1,5,5,2,3,0,7,0,8,2,15,0,1
1033,1,1,2,0,0,4,0,0,1,8,2,2,4,1
1034,1,0,3,1,3,5,1,4,0,2,1,3,1,0
1035,2,0,2,0,0,2,0,0,1,8,1,4,2,0
1036,1,0,1,0,0,2,0,0,1,8,1,1,2,0
1037,3,0,2,3,0,2,0,3,0,8,1,6,0,0
1038,1,0,3,0,0,3,0,0,1,5,1,3,3,0
1039,3,0,0,0,0,1,0,0,1,8,1,0,1,0
1040,1,0,5,0,0,2,0,0,1,8,1,5,2,0
1041,2,0,6,1,1,2,0,2,0,8,5,12,0,0
1042,1,1,6,0,1,3,1,1,0,3,3,6,1,1
1043,3,0,2,0,0,0,1,0,1,8,1,6,0,0
1044,3,0,6,0,0,0,0,0,1,8,1,18,0,0
1045,3,1,5,0,2,1,0,2,0,8,3,15,0,1
1046,3,0,3,4,2,2,0,6,0,8,4,9,0,0
1047,3,0,6,0,0,0,0,0,1,8,1,18,0,0
1048,1,1,1,0,0,4,0,0,1,3,2,1,4,1
1049,3,1,4,0,0,0,0,0,1,8,2,12,0,1
1050,1,0,3,0,0,2,0,0,1,4,1,3,2,0
1051,3,1,4,0,2,1,0,2,0,8,3,12,0,1
1052,3,1,6,0,0,0,2,0,1,8,2,18,0,1
1053,3,0,5,1,1,2,1,2,0,8,4,15,0,0
1054,2,1,3,0,0,1,0,0,1,8,2,6,1,1
1055,3,0,1,0,0,0,0,0,1,8,1,3,0,0
1056,2,0,0,0,0,1,0,0,1,8,5,0,1,0
1057,3,1,0,1,1,2,0,2,0,8,3,0,0,1
1058,1,0,5,0,0,3,1,0,1,2,1,5,3,0
1059,3,0,6,2,2,3,0,4,0,8,1,18,0,0
1060,1,1,1,0,0,2,1,0,1,8,3,1,2,1
1061,3,1,4,0,0,1,0,0,1,8,2,12,1,1
1062,3,0,6,0,0,0,0,0,1,8,1,18,0,0
1063,3,0,0,0,0,0,1,0,1,8,1,0,0,0
1064,3,0,0,1,0,1,0,1,0,8,1,0,0,0
1065,3,0,2,0,0,0,1,0,1,8,1,6,0,0
1066,3,0,6,1,5,2,0,6,0,8,1,18,0,0
1067,2,1,1,0,2,3,0,2,0,8,2,2,1,1
1068,2,1,5,0,0,3,0,0,1,8,2,10,3,1
1069,1,0,6,1,0,3,1,1,0,3,1,6,1,0
1070,2,1,4,0,3,3,0,3,0,6,3,8,0,1
1071,1,1,5,0,2,3,1,2,0,5,3,5,1,1
1072,2,0,3,0,0,1,0,0,1,8,1,6,1,0
1073,1,0,5,1,1,3,1,2,0,5,1,5,1,0
1074,1,1,0,1,0,3,0,1,0,4,3,0,1,1
1075,3,0,0,0,0,0,2,0,1,8,1,0,0,0
1076,1,1,0,1,1,4,1,2,0,2,3,0,1,1
1077,2,0,3,0,0,2,0,0,1,8,1,6,2,0
1078,2,1,3,0,1,2,0,1,0,8,2,6,1,1
1079,3,0,6,2,0,1,0,2,0,8,1,18,0,0
1080,3,1,5,8,2,3,0,10,0,8,2,15,0,1
1081,2,0,5,0,0,1,0,0,1,8,1,10,1,0
1082,2,0,4,1,0,2,0,1,0,8,1,8,1,0
1083,1,0,2,0,0,2,0,0,1,8,1,2,2,0
1084,3,0,2,1,1,1,0,2,0,8,4,6,0,0
1085,2,0,0,0,0,1,2,0,1,8,1,0,1,0
1086,2,0,6,0,2,3,0,2,0,8,4,12,1,0
1087,3,0,6,0,0,0,0,0,1,8,1,18,0,0
1088,1,0,4,0,2,4,1,2,0,5,4,4,1,0
1089,3,1,6,0,0,0,0,0,1,8,2,18,0,1
1090,2,0,3,0,0,1,0,0,1,8,1,6,1,0
1091,3,1,3,0,0,1,0,0,1,8,3,9,1,1
1092,3,1,4,0,0,2,2,0,1,8,2,12,2,1
1093,3,0,3,0,2,1,0,2,0,8,4,9,0,0
1094,1,0,5,1,0,4,1,1,0,3,5,5,2,0
1095,2,1,6,1,1,2,0,2,0,8,2,12,0,1
1096,2,0,1,0,0,1,0,0,1,8,1,2,1,0
1097,1,0,0,0,0,2,1,0,1,8,1,0,2,0
1098,3,1,4,0,0,0,2,0,1,8,2,12,0,1
1099,2,0,3,0,0,1,0,0,1,8,1,6,1,0
1100,1,1,1,0,0,2,1,0,1,1,2,1,2,1